9,-9
7,-9
9,-9
7,-7
7,-7
7,-9
7,-7
9,-9
9,-7
7,-9
9,-7
7,-9
7,-7
7,-7
9,-9
7,-7
9,-7
7,-7
7,-7
5,-9
9,-7
9,-7
7,-7
9,-7
7,-7
7,-9
7,-7
7,-7
7,-7
7,-9
7,-7
7,-9
7,-7
5,-7
7,-9
7,-9
7,-9
9,-7
7,-7
7,-9
7,-9
9,-9
9,-9
7,-9
9,-9
7,-7
9,-9
7,-9
7,-9
7,-7
7,-7
7,-9
7,-7
9,-7
9,-9
9,-9
9,-7
9,-7
9,-7
7,-7
7,-7
7,-9
7,-9
7,-9
7,-9
7,-7
7,-9
9,-9
7,-7
7,-9
7,-7
7,-7
7,-9
7,-7
9,-9
5,-7
7,-7
7,-7
9,-7
7,-7
7,-7
7,-7
7,-7
7,-9
7,-7
7,-7
7,-7
9,-7
7,-7
7,-9
9,-9
7,-7
7,-7
9,-7
7,-7
7,-7
7,-7
7,-9
7,-9
9,-7
7,-9
9,-7
7,-7
9,-9
9,-9
9,-7
7,-7
7,-9
7,-7
9,-7
7,-9
9,-7
7,-7
7,-9
7,-7
7,-7
7,-7
9,-7
9,-7
7,-7
7,-9
7,-7
7,-7
7,-7
7,-7
7,-9
9,-9
7,-9
7,-9
7,-9
7,-7
7,-7
7,-9
9,-7
7,-9
7,-7
7,-7
9,-9
7,-9
7,-9
9,-9
7,-7
9,-7
7,-9
7,-9
7,-7
7,-9
9,-7
7,-9
9,-7
7,-7
7,-9
7,-9
7,-7
7,-9
7,-9
7,-7
7,-9
7,-7
7,-9
7,-7
7,-7
7,-7
7,-9
9,-7
7,-7
7,-9
9,-7
7,-9
7,-9
7,-7
7,-9
7,-7
7,-9
7,-9
7,-9
9,-9
9,-7
9,-9
7,-7
7,-9
9,-9
7,-9
7,-7
7,-7
9,-9
7,-7
7,-9
7,-9
7,-7
7,-9
7,-7
7,-9
7,-9
7,-7
9,-9
9,-7
7,-7
7,-9
7,-9
7,-9
7,-9
7,-7
7,-9
7,-7
7,-7
7,-7
7,-7
7,-9
7,-9
7,-9
7,-9
7,-9
7,-7
7,-9
9,-7
9,-9
7,-7
7,-7
7,-7
7,-9
7,-9
7,-9
7,-9
7,-9
9,-7
7,-7
9,-7
7,-9
9,-7
7,-9
7,-9
7,-9
7,-9
7,-9
7,-9
7,-7
7,-9
9,-7
7,-9
7,-9
9,-9
7,-7
9,-9
9,-9
7,-9
9,-7
7,-9
9,-7
7,-7
7,-9
7,-9
7,-7
7,-9
7,-7
7,-9
7,-7
7,-9
9,-9
9,-7
7,-7
7,-9
9,-7
9,-7
9,-9
7,-7
7,-9
7,-7
7,-9
7,-9
7,-7
7,-9
9,-9
9,-9
7,-7
7,-7
9,-7
7,-9
7,-9
7,-7
9,-9
7,-7
7,-7
7,-7
7,-7
7,-7
7,-7
7,-7
9,-9
7,-7
7,-9
7,-9
7,-9
7,-9
9,-7
9,-9
7,-7
7,-7
9,-7
7,-7
9,-9
7,-7
7,-9
7,-9
7,-9
7,-7
7,-7
7,-9
7,-7
7,-7
7,-7
7,-7
7,-9
7,-7
7,-7
7,-9
7,-7
7,-7
9,-7
7,-9
9,-9
7,-9
7,-9
7,-9
9,-7
7,-9
9,-7
7,-9
7,-9
7,-7
9,-7
7,-7
9,-9
7,-7
9,-9
7,-7
5,-9
7,-7
9,-7
7,-7
7,-9
9,-9
7,-7
7,-9
9,-9
7,-9
7,-9
7,-7
7,-9
7,-7
7,-7
7,-9
7,-9
7,-9
9,-9
7,-9
7,-7
7,-7
7,-9
7,-9
9,-7
7,-7
7,-7
7,-9
7,-9
7,-7
7,-9
5,-9
7,-7
7,-9
7,-7
7,-7
7,-7
9,-9
7,-7
7,-7
7,-9
9,-7
7,-7
7,-9
7,-7
7,-7
9,-7
7,-7
9,-9
7,-9
7,-7
9,-9
7,-9
7,-9
7,-7
9,-7
7,-9
7,-7
7,-7
7,-9
7,-9
7,-7
7,-9
7,-9
9,-7
7,-9
7,-7
7,-9
9,-9
9,-7
9,-9
7,-7
7,-9
7,-9
7,-9
7,-9
7,-9
7,-7
7,-9
7,-9
7,-7
7,-9
9,-7
7,-9
7,-7
9,-9
7,-7
7,-9
7,-9
7,-7
7,-9
9,-9
9,-9
9,-7
7,-7
9,-9
9,-7
7,-7
7,-7
9,-7
5,-9
9,-9
7,-9
7,-9
9,-9
7,-9
9,-7
7,-9
7,-7
7,-7
7,-7
7,-7
9,-9
9,-7
7,-9
7,-9
7,-9
9,-7
7,-7
7,-7
7,-7
7,-7
7,-9
7,-7
9,-9
9,-7
9,-7
7,-9
9,-9
7,-9
7,-7
7,-7
9,-7
7,-7
7,-7
7,-9
7,-7
7,-9
9,-7
9,-7
7,-7
7,-7
7,-9
7,-9
7,-7
9,-9
7,-7
9,-7
7,-7
9,-7
9,-7
7,-7
7,-9
7,-7
7,-7
7,-7
7,-9
7,-7
9,-9
7,-7
7,-9
7,-7
7,-9
7,-9
9,-7
7,-9
7,-7
9,-7
9,-9
7,-7
7,-7
7,-7
7,-7
7,-9
7,-9
7,-9
7,-9
7,-7
7,-9
7,-7
7,-9
9,-9
7,-9
7,-9
9,-9
7,-9
9,-9
7,-7
7,-9
7,-7
9,-9
7,-7
7,-7
7,-9
7,-7
7,-7
9,-7
7,-7
7,-7
9,-7
7,-7
7,-9
7,-9
7,-7
7,-9
7,-7
7,-7
7,-7
7,-7
7,-7
7,-7
7,-7
7,-7
9,-9
7,-9
9,-7
7,-9
7,-9
9,-9
5,-9
7,-7
7,-9
7,-7
9,-9
9,-7
9,-7
9,-9
7,-7
9,-7
7,-9
7,-7
7,-9
9,-9
7,-9
7,-7
7,-7
9,-7
7,-9
9,-7
7,-7
9,-9
9,-7
9,-9
7,-7
7,-7
9,-7
7,-9
7,-9
7,-9
7,-9
7,-7
7,-9
7,-9
9,-9
7,-9
7,-7
7,-7
7,-9
7,-7
9,-9
7,-7
9,-7
7,-7
7,-7
7,-7
7,-7
7,-7
7,-7
7,-7
7,-7
9,-9
7,-9
7,-9
7,-9
9,-9
7,-9
7,-7
9,-9
7,-7
9,-7
9,-9
7,-9
7,-9
9,-7
9,-9
7,-7
9,-9
7,-7
7,-9
7,-7
7,-9
7,-9
7,-7
7,-9
9,-7
7,-7
7,-9
7,-7
7,-7
7,-9
7,-9
7,-7
9,-9
7,-9
7,-9
9,-7
7,-7
9,-9
7,-9
7,-7
7,-9
7,-9
7,-7
7,-9
7,-9
7,-9
9,-9
7,-7
7,-7
9,-7
7,-7
9,-9
7,-7
7,-7
7,-7
7,-7
7,-7
9,-7
7,-9
7,-9
7,-9
7,-7
9,-9
9,-9
7,-9
7,-9
7,-9
9,-7
9,-9
7,-7
7,-7
9,-7
9,-7
7,-7
7,-7
7,-9
7,-7
9,-9
9,-7
7,-7
7,-9
7,-9
7,-7
7,-9
7,-7
7,-9
7,-7
9,-7
7,-7
7,-9
7,-7
7,-7
7,-7
7,-7
7,-7
9,-7
7,-9
7,-7
9,-7
7,-9
7,-9
7,-9
7,-7
9,-7
7,-9
7,-9
7,-7
7,-9
7,-7
7,-7
9,-7
7,-9
9,-9
7,-7
7,-7
7,-7
7,-7
7,-7
7,-9
9,-9
7,-7
7,-9
7,-7
9,-7
7,-9
9,-9
7,-7
7,-7
9,-9
7,-7
7,-7
9,-9
7,-7
9,-7
7,-7
7,-7
9,-7
9,-9
7,-7
9,-9
7,-7
7,-9
7,-7
7,-9
7,-9
7,-9
9,-7
7,-7
7,-7
9,-7
7,-9
9,-9
7,-9
7,-9
7,-9
9,-9
7,-9
9,-9
7,-7
7,-7
7,-9
7,-7
9,-7
9,-7
7,-9
9,-7
7,-7
9,-7
7,-7
9,-7
7,-9
7,-7
7,-7
9,-7
9,-9
9,-9
7,-7
9,-9
7,-7
7,-9
9,-7
9,-7
7,-9
7,-7
7,-9
9,-7
9,-9
7,-9
9,-7
9,-7
7,-7
7,-7
7,-9
9,-9
7,-7
9,-7
7,-7
9,-9
7,-7
7,-7
7,-7
7,-9
9,-9
7,-7
7,-9
7,-7
7,-7
7,-7
7,-9
7,-7
7,-9
7,-7
7,-9
9,-9
7,-7
9,-7
9,-7
9,-9
7,-9
7,-9
7,-7
7,-7
7,-7
7,-7
7,-9
7,-9
7,-9
7,-7
7,-9
9,-7
9,-9
7,-7
7,-9
7,-7
7,-7
7,-7
7,-9
9,-7
7,-7
9,-7
7,-7
7,-7
9,-7
7,-7
7,-7
9,-9
7,-9
7,-7
9,-9
9,-9
9,-9
7,-9
7,-7
7,-7
7,-9
9,-7
7,-7
7,-9
7,-7
7,-9
7,-7
7,-7
9,-9
9,-7
7,-7
7,-9
5,-7
7,-7
7,-7
7,-9
7,-9
7,-9
7,-9
7,-7
7,-7
7,-9
7,-9
7,-7
9,-9
7,-9
9,-7
9,-7
7,-7
7,-9
7,-9
7,-7
7,-9
7,-7
7,-7
7,-7
7,-9
7,-7
7,-9
7,-7
7,-9
7,-7
7,-9
7,-9
7,-7
7,-7
7,-9
9,-7
7,-9
7,-7
9,-9
9,-9
9,-9
7,-7
7,-9
7,-7
9,-7
7,-9
9,-7
7,-9
7,-9
7,-9
7,-9
7,-7
7,-7
7,-9
7,-7
7,-9
9,-9
9,-9
7,-9
9,-9
7,-9
7,-9
9,-7
9,-7
7,-9
7,-9
9,-7
7,-7
7,-7
7,-9
7,-7
7,-9
9,-9
7,-9
9,-9
9,-7
7,-9
9,-9
9,-7
7,-7
7,-9
9,-7
9,-7
9,-7
7,-9
7,-7
7,-7
7,-9
7,-7
7,-7
7,-9
7,-7
7,-7
7,-9
7,-9
7,-9
7,-7
7,-9
9,-9
7,-9
7,-7
9,-9
7,-7
7,-7
9,-9
7,-7
9,-7
7,-9
9,-9
7,-7
7,-9
7,-7
7,-7
9,-7
7,-7
7,-7
7,-7
7,-9
7,-7
7,-7
7,-9
9,-7
7,-9
7,-7
7,-7
7,-9
7,-9
9,-9
7,-7
7,-9
7,-7
7,-7
7,-7
7,-9
7,-9
7,-7
7,-9
7,-7
7,-7
9,-7
7,-7
7,-7
7,-9
7,-7
7,-7
7,-9
7,-9
7,-7
9,-9
7,-9
9,-7
7,-7
7,-9
7,-7
7,-9
7,-9
9,-9
9,-7
9,-7
9,-9
7,-9
7,-7
7,-9
7,-7
7,-9
7,-7
9,-7
9,-7
7,-9
7,-7
7,-9
7,-7
7,-7
7,-7
7,-9
7,-7
7,-9
7,-9
9,-7
7,-7
7,-7
9,-7
7,-9
7,-7
7,-9
7,-7
9,-9
9,-9
7,-9
9,-7
7,-7
7,-9
9,-9
7,-7
7,-9
7,-7
7,-7
7,-7
9,-7
7,-9
7,-7
7,-9
7,-7
7,-7
7,-7
9,-7
9,-7
7,-9
7,-7
7,-7
7,-9
7,-9
7,-7
9,-7
7,-7
7,-7
9,-7
9,-9
7,-7
7,-9
7,-7
7,-9
7,-9
7,-9
7,-7
7,-9
9,-7
7,-9
7,-7
7,-9
7,-7
5,-7
7,-9
7,-7
9,-7
7,-7
7,-9
7,-7
7,-7
7,-7
9,-9
7,-7
9,-7
7,-7
7,-9
9,-9
7,-7
9,-7
7,-7
7,-9
9,-7
7,-9
7,-9
7,-7
7,-7
7,-9
7,-7
7,-9
7,-7
7,-9
7,-7
7,-9
7,-7
7,-7
9,-9
7,-9
7,-7
9,-9
7,-9
7,-9
7,-9
7,-9
7,-9
9,-7
9,-9
7,-7
7,-7
7,-7
7,-9
7,-7
7,-9
7,-9
7,-7
7,-7
7,-7
7,-9
7,-9
7,-7
7,-9
9,-7
7,-9
7,-7
9,-9
9,-7
7,-9
7,-7
9,-9
9,-9
7,-9
7,-7
7,-7
9,-7
7,-7
7,-9
7,-7
9,-7
7,-7
7,-7
7,-7
7,-7
9,-9
7,-9
9,-9
7,-9
7,-7
9,-9
9,-7
7,-9
7,-9
7,-9
7,-7
7,-7
9,-7
7,-7
7,-7
9,-9
7,-7
9,-7
7,-7
7,-9
7,-9
7,-7
9,-7
7,-9
7,-9
9,-7
9,-7
7,-9
7,-7
7,-9
7,-9
9,-9
7,-7
7,-9
7,-7
7,-9
7,-9
7,-7
7,-9
7,-7
9,-9
7,-9
7,-7
7,-7
9,-7
7,-7
9,-7
7,-7
7,-9
7,-7
7,-7
7,-9
7,-9
7,-9
7,-9
7,-7
7,-9
9,-7
7,-9
7,-7
7,-7
7,-7
7,-9
7,-7
7,-7
9,-9
7,-7
7,-7
9,-9
7,-7
7,-7
7,-9
7,-9
7,-7
7,-7
7,-9
7,-7
7,-7
9,-9
7,-7
7,-9
7,-9
7,-7
9,-7
7,-9
7,-7
7,-9
7,-7
7,-9
7,-7
7,-7
7,-7
7,-9
9,-9
9,-9
9,-7
7,-7
7,-9
7,-7
7,-9
9,-7
9,-9
7,-7
9,-7
7,-7
7,-7
9,-7
7,-9
5,-7
7,-7
7,-7
7,-7
7,-7
9,-7
7,-7
7,-7
7,-9
9,-7
7,-7
7,-9
7,-9
7,-9
7,-9
7,-7
7,-7
7,-9
9,-9
7,-9
7,-7
7,-9
7,-9
7,-9
7,-9
7,-9
7,-7
7,-9
7,-7
7,-7
7,-7
7,-7
7,-7
9,-7
7,-9
7,-9
7,-9
7,-9
7,-9
7,-7
9,-9
7,-9
7,-7
7,-7
7,-9
7,-7
7,-9
7,-7
7,-7
7,-9
7,-7
7,-9
9,-7
7,-9
7,-9
7,-7
7,-9
7,-7
7,-7
7,-7
9,-9
9,-7
7,-7
7,-7
9,-7
7,-7
9,-7
7,-7
7,-9
7,-9
7,-7
9,-7
7,-7
7,-9
7,-9
7,-9
7,-7
7,-9
7,-7
7,-9
7,-7
9,-7
7,-7
7,-7
7,-9
7,-7
7,-7
7,-7
7,-7
7,-7
7,-9
7,-7
9,-9
7,-9
7,-9
7,-7
7,-7
9,-9
7,-7
7,-9
7,-9
9,-7
7,-7
7,-7
9,-7
7,-7
7,-7
9,-9
9,-7
9,-7
7,-7
7,-9
7,-9
7,-9
7,-7
7,-9
9,-9
7,-7
7,-7
7,-9
7,-9
9,-9
9,-7
9,-7
7,-7
7,-7
7,-7
7,-7
7,-7
5,-9
7,-9
9,-9
9,-7
7,-7
5,-7
7,-9
9,-9
9,-7
9,-7
7,-7
9,-7
7,-7
7,-7
7,-7
5,-7
5,-9
7,-11
9,-11
9,-9
9,-5
7,-7
5,-7
7,-9
9,-9
9,-9
11,-5
9,-7
9,-5
9,-5
7,-7
5,-7
5,-7
5,-9
7,-9
9,-9
11,-7
7,-5
5,-9
7,-9
9,-9
9,-9
11,-7
11,-7
9,-5
7,-5
7,-5
5,-5
5,-7
5,-9
9,-11
11,-7
9,-5
5,-5
5,-9
7,-13
9,-11
11,-9
11,-7
11,-7
9,-5
9,-5
7,-3
7,-5
5,-7
5,-7
7,-11
11,-11
11,-7
7,-5
5,-5
7,-11
9,-11
11,-7
11,-7
9,-3
9,-3
7,-3
5,-3
5,-3
5,-7
5,-7
5,-13
9,-11
11,-7
9,-3
1,-5
5,-11
9,-13
11,-11
13,-7
11,-5
11,-5
11,-3
7,-3
7,-3
5,-5
5,-7
1,-11
9,-13
13,-9
11,-3
5,-5
1,-9
5,-13
11,-13
11,-11
13,-11
13,-9
13,-7
11,-5
11,-3
9,-3
5,-5
1,-11
7,-15
13,-9
11,-5
5,-1
1,-5
1,-13
5,-13
9,-15
11,-15
13,-13
13,-11
15,-7
13,-5
11,-1
7,-1
1,-5
1,-11
7,-13
13,-9
11,-5
1,-3
1,-9
5,-15
9,-13
11,-15
11,-13
13,-13
13,-11
15,-9
15,-5
11,1
1,-1
-1,-9
5,-17
13,-13
15,-5
7,1
-1,-5
-1,-9
1,-15
7,-17
9,-17
13,-17
15,-13
17,-9
15,-1
9,1
-1,-3
-1,-11
7,-15
15,-11
13,-1
5,1
1,-5
-1,-9
1,-13
1,-17
5,-17
7,-19
11,-19
13,-17
19,-13
19,-7
15,1
5,1
-1,-5
1,-15
11,-17
17,-9
13,1
1,1
-3,-5
-3,-9
-3,-15
1,-17
5,-21
9,-19
15,-17
19,-11
17,1
5,5
-5,-5
-1,-19
15,-19
23,-5
13,5
1,1
-3,1
-5,-7
-7,-11
-3,-13
-1,-19
1,-21
9,-21
19,-15
19,-1
7,7
-11,-3
-3,-29
25,-29
37,1
15,25
-11,23
-25,9
-33,-5
-35,-23
-31,-41
-19,-57
5,-67
43,-59
73,-17
51,43
-21,53
-67,-11
-17,-81
73,-61
85,31
17,81
-53,61
-83,13
-83,-25
-73,-53
-59,-79
-35,-101
1,-113
47,-109
101,-67
115,21
37,101
-83,67
-97,-67
33,-134
132,-35
99,85
5,123
-63,105
-103,67
-117,33
-127,-3
-127,-37
-113,-79
-75,-123
9,-156
119,-101
146,45
15,140
-130,53
-99,-117
63,-154
162,-45
144,71
85,132
25,152
-27,148
-73,121
-115,85
-146,21
-138,-77
-37,-164
121,-125
160,57
-9,160
-156,25
-81,-154
95,-156
178,-41
162,71
107,136
51,162
1,170
-41,160
-81,144
-123,109
-158,53
-166,-41
-99,-152
67,-178
188,-27
91,152
-111,127
-166,-65
-29,-190
121,-158
188,-63
192,19
174,77
142,121
101,152
39,174
-49,168
-150,89
-166,-77
-7,-198
180,-89
142,127
-73,162
-184,-17
-91,-176
53,-198
146,-146
188,-81
202,-19
194,39
170,97
115,150
11,184
-123,132
-182,-47
-35,-202
174,-111
160,115
-63,174
-188,-23
-37,-200
178,-109
156,123
-75,172
-190,-33
-27,-204
186,-99
146,134
-83,162
-182,-43
-21,-202
182,-99
154,123
-63,178
-192,-5
-75,-194
142,-160
198,53
35,192
-164,97
-162,-121
39,-208
202,-63
146,142
-41,188
-166,93
-194,-25
-170,-107
-123,-162
-71,-198
-5,-212
73,-202
158,-144
212,-7
123,160
-101,166
-190,-59
-1,-216
200,-79
152,144
-37,194
-158,111
-196,11
-188,-67
-166,-121
-127,-162
-79,-196
-11,-216
89,-198
192,-99
190,87
5,200
-184,71
-136,-160
91,-200
216,-23
150,148
17,202
-83,178
-152,123
-188,59
-200,-15
-180,-97
-111,-180
33,-216
186,-115
186,101
-27,200
-198,27
-91,-194
148,-164
204,69
7,202
-186,69
-142,-152
81,-202
216,-15
101,178
-123,154
-196,-55
-61,-208
105,-198
196,-107
220,-21
212,49
186,105
146,154
93,186
31,202
-37,200
-99,176
-152,130
-190,65
-202,-13
-188,-93
-134,-168
-31,-218
113,-194
218,-37
132,164
-97,174
-202,-31
-59,-210
162,-158
208,63
35,204
-170,109
-178,-115
25,-220
210,-77
152,150
-67,192
-198,47
-180,-109
-103,-192
-19,-222
59,-216
125,-188
182,-134
218,-47
200,87
65,198
-140,146
-192,-83
11,-222
212,-71
130,170
-121,164
-196,-71
-3,-224
204,-93
160,146
-75,190
-206,-15
-65,-212
168,-152
200,89
-13,206
-200,49
-121,-180
121,-192
220,29
57,202
-160,127
-200,-69
-101,-196
11,-226
89,-210
144,-178
188,-127
216,-61
220,27
166,142
15,208
-170,111
-174,-138
55,-224
226,-47
127,180
-113,178
-210,-43
-53,-222
172,-156
212,75
29,214
-176,113
-188,-111
-11,-230
156,-172
226,-53
224,41
198,105
160,154
107,192
39,212
-57,204
-172,119
-208,-51
-77,-212
154,-172
214,71
-3,214
-206,49
-125,-188
101,-210
224,-57
206,89
142,170
73,202
7,214
-57,204
-115,178
-162,134
-194,83
-210,29
-214,-25
-202,-77
-180,-125
-144,-170
-91,-206
-9,-230
117,-202
220,-65
170,142
-55,204
-210,15
-99,-204
134,-194
230,-9
168,148
61,208
-29,210
-97,186
-154,146
-190,91
-210,33
-212,-29
-200,-85
-172,-140
-130,-180
-79,-212
-23,-228
43,-228
125,-196
212,-97
212,77
41,210
-178,111
-166,-146
81,-216
230,-5
77,204
-168,125
-176,-132
59,-222
228,-33
109,190
-142,154
-196,-93
23,-230
222,-69
136,174
-119,172
-204,-67
-11,-230
206,-105
174,142
-59,204
-206,53
-188,-111
-109,-196
-39,-224
15,-230
61,-222
107,-208
150,-178
188,-138
216,-85
230,-21
222,45
198,107
154,160
99,194
33,212
-35,210
-99,186
-156,142
-196,79
-212,1
-202,-77
-160,-156
-77,-212
47,-226
188,-136
212,75
17,214
-194,79
-148,-166
91,-214
230,-37
180,136
63,208
-23,212
-89,192
-138,162
-174,117
-198,67
-212,13
-210,-45
-192,-101
-158,-156
-107,-198
-47,-222
19,-230
85,-216
144,-184
190,-134
220,-71
230,-3
220,61
188,121
148,166
95,196
41,212
-17,214
-67,200
-117,174
-158,138
-188,93
-206,47
-212,-3
-208,-55
-190,-103
-162,-150
-119,-188
-71,-216
-13,-230
49,-226
117,-202
182,-146
228,-35
186,123
1,212
-196,71
-136,-176
127,-196
222,49
23,214
-196,75
-138,-174
113,-202
228,23
57,210
-176,113
-174,-132
29,-230
192,-134
230,5
204,95
168,148
121,184
69,206
5,214
-87,190
-188,91
-194,-93
-19,-228
198,-121
180,134
-71,198
-212,-17
-61,-220
164,-168
230,21
158,158
57,208
-37,210
-115,174
-172,117
-206,49
-212,-25
-194,-95
-158,-156
-109,-198
-47,-224
15,-232
77,-222
132,-196
174,-158
208,-109
226,-55
230,1
220,59
196,109
158,158
95,196
-5,212
-140,156
-210,-23
-81,-212
160,-172
216,69
17,214
-194,79
-148,-166
101,-208
230,13
63,208
-172,117
-176,-132
49,-226
220,-77
192,115
71,206
-39,210
-117,174
-172,121
-202,51
-212,-29
-174,-130
-63,-218
119,-200
230,-17
109,190
-144,152
-192,-105
35,-228
226,-63
154,160
-39,208
-170,123
-210,23
-208,-57
-178,-123
-127,-184
-51,-222
59,-224
186,-144
224,41
67,206
-166,127
-180,-123
51,-228
226,-57
164,154
-3,214
-121,172
-180,107
-206,45
-210,-17
-198,-81
-158,-154
-53,-222
113,-202
230,-25
115,186
-140,156
-192,-101
33,-230
226,-53
121,184
-136,158
-192,-97
33,-230
226,-51
113,188
-144,152
-192,-101
29,-230
222,-69
148,168
-97,186
-210,-33
-61,-220
168,-166
226,49
109,192
-33,212
-130,164
-180,103
-206,41
-210,-23
-196,-87
-160,-152
-83,-208
49,-228
192,-132
206,93
-7,212
-204,47
-107,-196
154,-178
212,83
-23,212
-208,19
-77,-212
180,-154
200,105
-35,208
-208,21
-91,-204
158,-176
218,71
13,214
-194,75
-144,-168
93,-214
232,-31
164,154
25,214
-79,194
-148,148
-186,93
-208,29
-208,-47
-174,-132
-77,-214
97,-212
230,-41
121,184
-138,156
-190,-103
37,-230
222,-81
200,107
89,200
-11,212
-87,190
-144,148
-184,97
-206,37
-210,-23
-198,-79
-174,-134
-136,-176
-85,-210
-27,-228
37,-232
101,-212
156,-178
198,-125
226,-63
232,5
216,73
182,136
127,180
65,208
-7,212
-71,198
-136,158
-182,99
-206,29
-208,-45
-184,-113
-142,-170
-75,-212
29,-230
164,-168
230,13
93,196
-144,146
-190,-99
19,-230
214,-99
204,103
75,204
-37,208
-117,174
-170,121
-202,55
-208,-21
-184,-113
-87,-206
91,-216
230,-49
140,172
-105,178
-206,-49
-35,-226
184,-152
228,41
142,174
39,212
-45,206
-109,176
-158,132
-196,69
-208,-25
-158,-154
-3,-230
186,-146
212,85
11,212
-192,75
-146,-164
83,-220
226,-61
196,113
93,196
9,214
-57,202
-111,174
-158,132
-196,65
-204,-41
-138,-174
49,-226
224,-71
142,170
-119,168
-198,-79
-1,-234
194,-138
230,35
168,150
83,202
1,214
-67,198
-125,166
-168,119
-196,63
-208,5
-206,-53
-188,-103
-158,-152
-115,-192
-55,-220
29,-230
150,-184
230,-33
150,164
-87,188
-208,-31
-43,-224
194,-136
192,121
-53,200
-208,-13
-43,-224
204,-121
172,148
-91,188
-208,-39
-75,-214
101,-214
208,-119
234,-19
222,61
190,123
144,170
87,198
17,212
-79,192
-176,103
-200,-71
-43,-224
182,-152
208,93
-5,210
-198,55
-130,-182
121,-202
232,27
53,208
-180,95
-150,-160
101,-212
234,1
105,194
-83,192
-182,97
-208,5
-200,-71
-174,-134
-134,-178
-87,-208
-37,-228
21,-232
75,-224
130,-198
176,-162
212,-107
230,-45
232,23
210,89
170,148
115,188
53,208
-13,212
-77,194
-138,154
-190,77
-204,-55
-101,-198
115,-206
232,9
65,206
-178,101
-150,-162
109,-210
232,25
49,208
-182,93
-150,-162
101,-214
234,1
81,200
-158,132
-182,-115
37,-230
224,-73
154,162
-89,186
-210,-27
-59,-220
168,-170
232,27
150,166
45,210
-31,208
-89,186
-138,152
-178,99
-206,23
-192,-93
-81,-210
125,-200
232,23
55,208
-182,95
-150,-164
107,-210
234,15
61,206
-176,107
-158,-150
87,-218
234,-13
95,196
-136,154
-208,-37
-132,-180
-25,-230
61,-226
136,-196
188,-148
222,-83
236,-17
226,49
200,109
158,158
103,192
45,212
-19,212
-83,190
-142,148
-186,87
-208,19
-204,-53
-180,-119
-140,-174
-81,-210
-17,-232
49,-230
115,-208
168,-168
208,-115
230,-49
232,19
212,85
176,142
119,182
55,208
-15,210
-81,190
-136,152
-178,99
-204,37
-206,-33
-184,-111
-109,-196
39,-230
206,-119
194,115
-37,206
-208,15
-89,-208
160,-178
220,61
29,212
-184,93
-164,-144
55,-228
226,-67
164,154
-41,206
-182,95
-206,-35
-178,-125
-134,-178
-81,-212
-25,-230
37,-230
97,-218
150,-184
194,-142
220,-87
234,-27
230,37
204,103
150,164
49,208
-105,176
-208,7
-97,-202
158,-178
216,77
-11,210
-204,29
-91,-208
170,-166
210,91
-19,208
-206,29
-95,-206
160,-176
218,71
21,214
-172,115
-204,-57
-144,-170
-73,-214
-9,-232
49,-230
103,-212
154,-180
194,-138
220,-83
234,-23
228,39
206,99
164,152
107,190
39,212
-31,208
-99,184
-152,142
-186,87
-206,31
-208,-29
-194,-91
-142,-168
-25,-228
144,-186
232,7
93,196
-144,148
-192,-91
-3,-232
194,-138
228,41
152,164
55,210
-27,208
-95,184
-152,140
-190,77
-210,-3
-186,-105
-91,-204
87,-218
230,-45
132,178
-123,166
-196,-85
19,-232
224,-73
140,172
-117,170
-200,-75
5,-232
218,-85
152,162
-103,178
-202,-65
-3,-232
216,-93
156,160
-101,180
-204,-59
-15,-230
202,-123
208,95
71,204
-59,200
-134,154
-180,99
-204,33
-208,-35
-180,-119
-87,-208
81,-220
226,-61
146,166
-103,178
-206,-53
-33,-228
184,-154
230,35
152,164
61,206
-13,210
-75,194
-123,164
-168,119
-196,63
-208,1
-202,-63
-176,-127
-138,-174
-85,-208
-31,-228
33,-232
105,-212
184,-150
232,-27
174,142
-35,206
-202,35
-103,-198
150,-182
220,63
9,212
-198,55
-117,-188
138,-192
226,45
37,210
-184,89
-160,-148
27,-232
176,-162
228,-55
232,27
210,95
174,142
127,180
75,204
15,212
-43,204
-101,180
-152,140
-188,81
-206,17
-204,-55
-180,-121
-138,-174
-83,-212
-15,-232
55,-228
123,-202
178,-158
218,-93
234,-23
228,45
200,109
154,160
97,194
35,210
-21,206
-75,194
-121,164
-162,125
-190,75
-206,21
-206,-37
-192,-95
-162,-150
-117,-190
-63,-218
-1,-232
59,-228
119,-206
170,-170
204,-119
228,-67
236,-9
226,51
200,109
154,160
95,194
27,210
-43,204
-109,176
-164,121
-200,45
-202,-63
-121,-188
65,-224
228,-65
150,164
-95,182
-206,-33
-71,-216
125,-204
222,-81
230,31
200,107
152,160
95,194
21,212
-67,196
-164,119
-206,-39
-83,-212
160,-176
216,77
-15,208
-206,23
-83,-212
174,-164
208,93
-23,208
-204,25
-95,-204
160,-176
216,73
1,212
-200,57
-127,-182
117,-208
232,11
77,202
-158,130
-180,-121
43,-230
228,-65
142,170
-105,176
-206,-51
-33,-228
196,-134
194,115
-29,206
-198,61
-180,-123
-73,-216
29,-232
113,-210
174,-162
214,-103
232,-37
230,27
210,89
174,144
123,180
67,204
1,212
-61,198
-119,166
-168,119
-198,59
-208,-7
-200,-73
-172,-134
-127,-182
-75,-214
-17,-232
41,-230
103,-214
154,-182
196,-136
222,-77
234,-9
220,65
162,152
23,212
-154,134
-192,-95
17,-232
224,-77
146,166
-101,180
-210,-19
-125,-186
9,-234
105,-214
164,-172
200,-130
218,-87
230,-43
232,5
224,55
204,101
170,144
130,176
81,200
29,212
-27,208
-79,192
-130,160
-172,115
-198,57
-210,-9
-198,-85
-158,-154
-91,-208
-13,-232
69,-226
144,-190
198,-132
228,-57
230,19
208,91
166,148
103,192
35,210
-33,206
-93,184
-146,146
-182,95
-206,35
-210,-23
-198,-83
-174,-132
-144,-170
-105,-200
-63,-220
-19,-232
27,-232
75,-224
123,-202
170,-168
204,-117
228,-55
232,9
216,75
184,130
138,172
83,198
29,212
-27,208
-75,194
-117,170
-152,140
-182,99
-200,55
-210,1
-206,-53
-190,-107
-156,-156
-109,-198
-51,-224
17,-234
81,-222
144,-190
192,-142
222,-77
232,-7
220,63
184,127
134,174
69,204
-3,210
-71,196
-134,158
-180,101
-206,35
-210,-33
-192,-97
-156,-158
-105,-200
-47,-226
15,-232
73,-224
130,-198
176,-160
208,-111
228,-55
232,1
220,63
192,117
152,162
101,194
43,208
-17,210
-75,194
-127,162
-170,117
-198,61
-210,-5
-202,-73
-166,-144
-109,-198
-39,-228
37,-232
103,-214
160,-178
202,-123
226,-61
232,1
220,67
188,121
144,166
91,196
33,210
-23,208
-77,194
-123,166
-162,125
-192,77
-208,21
-208,-35
-194,-93
-166,-146
-121,-188
-67,-220
-3,-234
67,-226
136,-196
188,-144
222,-75
234,7
212,83
168,148
107,190
39,210
-33,206
-93,184
-146,146
-180,99
-202,45
-210,-11
-202,-65
-182,-117
-152,-162
-107,-198
-55,-222
-1,-232
55,-228
107,-210
152,-184
188,-148
214,-103
228,-51
232,1
220,63
192,115
150,164
91,198
23,212
-51,202
-117,170
-170,119
-200,55
-210,-11
-202,-73
-176,-130
-138,-174
-95,-206
-45,-226
5,-232
57,-228
105,-212
150,-184
186,-148
214,-101
232,-45
232,11
218,73
188,123
142,168
85,200
19,212
-45,204
-105,176
-158,134
-192,73
-210,9
-202,-65
-172,-136
-121,-188
-57,-224
15,-232
81,-220
140,-192
184,-150
216,-95
230,-41
230,17
218,67
194,115
158,156
113,188
61,206
1,212
-51,202
-107,178
-154,138
-188,87
-206,33
-210,-29
-198,-83
-170,-138
-130,-182
-79,-214
-19,-230
47,-230
109,-208
166,-170
208,-113
230,-47
228,25
210,89
170,144
117,186
57,206
-5,210
-65,198
-119,168
-166,121
-196,65
-210,1
-204,-63
-180,-125
-138,-174
-81,-212
-19,-230
47,-232
107,-210
160,-174
198,-127
224,-69
232,-9
224,51
200,105
162,152
113,186
51,208
-13,210
-79,192
-138,156
-180,103
-204,41
-210,-25
-198,-87
-166,-144
-121,-190
-65,-220
-3,-232
55,-228
109,-210
158,-178
196,-132
222,-75
230,-17
226,47
200,103
158,156
101,190
37,210
-29,208
-93,186
-148,144
-188,87
-210,19
-208,-53
-180,-125
-130,-184
-65,-220
1,-232
69,-224
127,-200
174,-162
208,-111
228,-55
234,-3
224,49
206,95
178,136
142,170
95,194
49,208
-3,212
-57,202
-109,176
-154,140
-188,89
-206,31
-208,-33
-194,-93
-162,-150
-115,-194
-61,-220
5,-234
67,-226
130,-198
182,-152
218,-91
232,-21
222,51
194,115
142,170
59,206
-71,196
-192,77
-176,-132
31,-230
218,-83
162,150
-75,194
-210,-9
-73,-216
168,-164
210,85
-11,210
-204,41
-111,-196
144,-188
220,57
13,212
-198,59
-119,-190
146,-188
218,67
-5,210
-204,47
-121,-190
103,-214
226,-63
212,79
158,156
97,194
37,208
-27,208
-95,184
-170,115
-210,-23
-119,-188
101,-212
230,-5
89,198
-154,140
-194,-97
-23,-232
146,-188
220,-83
230,1
216,69
186,123
142,168
85,196
19,212
-51,202
-117,172
-172,113
-204,45
-210,-35
-186,-115
-123,-186
-5,-232
156,-178
228,23
69,202
-168,123
-178,-130
55,-228
230,-47
121,180
-127,162
-202,-75
-5,-234
212,-103
172,142
-67,198
-210,29
-166,-150
-43,-228
61,-226
138,-194
190,-140
224,-69
230,1
214,79
170,144
107,188
33,210
-41,206
-109,176
-164,125
-200,61
-212,-9
-202,-77
-174,-136
-134,-182
-85,-212
-33,-230
17,-234
67,-226
115,-206
158,-178
192,-138
218,-87
230,-35
228,21
212,77
178,134
111,186
-11,210
-160,127
-198,-85
-7,-232
212,-95
154,158
-103,180
-210,-41
-89,-212
75,-224
174,-160
216,-89
230,-21
224,43
198,105
134,172
7,210
-156,138
-200,-77
-19,-232
202,-119
182,127
-45,204
-206,53
-180,-130
-67,-220
39,-230
121,-202
180,-154
214,-91
228,-23
224,45
198,105
152,158
91,196
21,210
-49,204
-111,176
-162,134
-194,79
-212,23
-212,-37
-198,-91
-172,-140
-140,-176
-97,-206
-49,-226
21,-232
115,-204
214,-91
200,99
5,210
-194,75
-146,-168
99,-212
228,1
75,202
-164,125
-180,-125
49,-228
226,-49
123,180
-123,168
-212,-53
-83,-214
77,-222
174,-158
220,-75
230,7
208,85
158,154
67,206
-73,194
-198,65
-162,-152
67,-224
228,-39
117,182
-127,164
-204,-71
-11,-232
208,-107
170,144
-79,192
-212,-23
-57,-222
180,-150
208,91
25,212
-148,150
-210,27
-204,-69
-172,-142
-121,-192
-61,-222
1,-232
67,-226
121,-200
170,-162
206,-109
226,-49
228,13
212,73
184,127
140,168
83,200
19,212
-43,206
-105,182
-154,140
-192,85
-212,27
-212,-33
-200,-87
-174,-138
-138,-176
-91,-208
-29,-228
45,-230
136,-192
220,-73
190,115
-23,208
-208,37
-101,-204
156,-176
216,67
39,212
-142,154
-210,29
-206,-67
-178,-130
-138,-178
-85,-210
-15,-230
83,-218
198,-125
220,55
63,206
-166,127
-180,-125
53,-226
228,-39
119,184
-109,178
-214,11
-172,-138
-93,-206
-21,-232
47,-228
113,-206
178,-152
224,-49
200,103
35,212
-178,111
-168,-142
75,-220
230,-21
109,190
-101,186
-206,49
-202,-71
-166,-148
-117,-190
-65,-218
-1,-230
79,-220
176,-150
228,1
127,178
-103,182
-210,-37
-45,-222
188,-138
198,109
-29,210
-208,39
-111,-194
142,-186
220,63
7,212
-200,67
-152,-162
23,-230
154,-178
210,-97
230,-29
224,33
208,91
168,146
95,196
-35,208
-174,113
-196,-93
-3,-230
210,-97
160,152
-91,190
-210,-43
-23,-228
208,-103
158,154
-105,182
-206,-63
-1,-230
218,-81
140,170
-123,168
-198,-87
27,-230
226,-51
111,188
-150,148
-186,-111
47,-228
228,-43
115,188
-140,158
-200,-87
7,-230
216,-87
158,154
-85,192
-212,-21
-65,-216
172,-158
210,87
-5,214
-200,63
-136,-176
107,-208
228,11
73,202
-164,130
-184,-119
43,-228
224,-45
113,188
-146,150
-192,-107
41,-228
226,-43
111,188
-142,154
-194,-97
19,-228
218,-79
152,162
-93,188
-212,-31
-55,-220
182,-146
198,105
-25,212
-204,55
-160,-156
1,-230
130,-196
196,-125
224,-57
230,17
210,85
162,152
71,204
-81,194
-206,41
-127,-186
130,-192
222,55
13,214
-194,83
-180,-130
-41,-224
75,-220
150,-180
190,-134
216,-79
228,-23
224,31
208,83
178,136
134,176
79,202
15,214
-51,206
-113,178
-166,130
-200,69
-212,-1
-206,-69
-178,-130
-138,-178
-81,-212
-21,-230
41,-228
103,-208
158,-172
198,-119
222,-57
228,5
216,69
178,132
97,196
-47,206
-188,95
-186,-117
17,-228
214,-85
160,152
-83,196
-214,-7
-109,-198
69,-222
184,-146
222,-59
226,17
210,83
172,142
107,188
1,214
-138,158
-212,-23
-77,-214
168,-160
200,99
-41,208
-212,7
-73,-216
180,-146
194,111
-43,208
-212,19
-97,-206
146,-182
224,37
105,192
-45,208
-134,164
-180,109
-204,57
-214,1
-206,-63
-168,-144
-59,-218
117,-200
228,-5
91,196
-156,140
-188,-113
35,-228
216,-85
196,107
73,206
-47,206
-136,162
-190,91
-214,13
-208,-59
-182,-123
-138,-176
-85,-210
-25,-228
43,-228
103,-210
156,-172
198,-121
224,-51
222,43
154,158
-11,212
-190,89
-168,-144
63,-222
226,-41
134,176
-65,202
-188,99
-214,-15
-196,-97
-158,-156
-109,-198
-43,-222
41,-228
150,-176
226,-29
148,164
-93,190
-212,-39
-39,-224
192,-130
200,105
35,214
-111,180
-184,103
-210,31
-214,-31
-200,-85
-168,-142
-109,-194
7,-228
158,-170
226,27
71,204
-162,136
-186,-111
27,-230
210,-99
210,85
105,192
-5,214
-89,192
-156,144
-196,75
-214,-7
-192,-101
-113,-194
37,-228
202,-115
192,115
-39,208
-212,17
-91,-206
152,-178
228,33
123,182
-11,214
-97,188
-150,148
-186,101
-206,49
-212,-5
-206,-59
-186,-109
-156,-158
-109,-196
-51,-222
15,-230
87,-216
166,-166
224,-59
198,107
15,214
-192,83
-146,-166
103,-208
232,1
109,194
-71,200
-176,115
-208,35
-210,-31
-198,-85
-172,-136
-125,-184
-45,-222
87,-214
214,-89
180,136
-61,202
-210,-17
-43,-222
202,-117
172,146
-87,190
-210,-39
-33,-226
200,-121
184,130
-51,206
-210,17
-97,-202
152,-178
220,65
17,214
-194,79
-142,-170
109,-206
230,15
77,206
-134,162
-212,11
-186,-111
-132,-178
-79,-210
-21,-228
41,-226
103,-208
160,-170
204,-113
228,-43
228,31
204,101
158,160
93,198
21,216
-51,206
-117,176
-166,123
-200,63
-212,-9
-198,-83
-158,-152
-99,-200
-35,-224
33,-228
97,-212
152,-176
194,-130
220,-73
230,-3
210,87
119,184
-57,204
-204,47
-130,-182
117,-200
230,23
71,206
-148,152
-212,-25
-152,-158
-61,-218
19,-230
83,-216
140,-186
184,-142
218,-75
228,23
168,148
-5,214
-192,81
-144,-166
111,-202
228,27
59,210
-150,150
-214,-9
-176,-127
-115,-192
-55,-218
1,-228
61,-222
125,-196
192,-132
230,1
150,164
-71,200
-212,5
-79,-208
164,-166
222,65
79,206
-79,198
-168,127
-204,51
-210,-23
-194,-93
-154,-156
-91,-202
-21,-224
55,-222
123,-196
178,-150
212,-95
230,-31
228,31
208,91
176,142
130,182
77,206
17,216
-39,212
-89,194
-136,162
-172,121
-198,69
-210,9
-208,-49
-188,-103
-154,-154
-109,-194
-51,-218
9,-228
75,-218
132,-192
182,-146
214,-87
230,-17
220,57
186,127
132,180
61,210
-13,216
-81,198
-134,162
-174,117
-200,65
-210,7
-206,-51
-190,-103
-160,-150
-119,-184
-71,-212
-15,-226
47,-224
105,-204
158,-170
196,-125
224,-69
232,-11
226,47
204,103
170,150
123,186
63,210
-5,216
-77,200
-138,160
-186,99
-210,31
-208,-37
-190,-99
-158,-150
-119,-186
-73,-210
-23,-226
23,-226
75,-218
121,-198
164,-164
198,-123
218,-77
230,-25
228,27
214,79
184,132
142,174
89,202
27,216
-37,210
-99,190
-150,148
-188,95
-208,33
-210,-35
-188,-103
-146,-166
-81,-208
-7,-228
71,-220
140,-186
192,-132
222,-69
230,-1
220,61
196,113
160,160
113,194
59,212
1,216
-49,210
-101,186
-146,152
-180,107
-206,49
-212,-15
-198,-79
-164,-144
-111,-190
-45,-222
29,-228
101,-206
162,-166
208,-105
230,-31
224,47
192,121
136,178
61,210
-11,216
-75,200
-130,166
-174,121
-198,69
-210,15
-210,-39
-196,-87
-172,-132
-142,-170
-105,-194
-67,-214
-23,-226
19,-226
65,-222
109,-204
152,-176
188,-138
212,-91
228,-39
230,15
218,73
190,125
142,174
83,204
11,218
-59,206
-123,172
-172,121
-202,57
-212,-13
-198,-79
-168,-140
-119,-186
-61,-216
-1,-226
61,-222
115,-200
166,-162
200,-111
224,-53
230,15
214,79
176,142
123,186
57,212
-11,216
-75,200
-132,168
-174,117
-202,61
-212,-7
-204,-67
-176,-127
-130,-178
-69,-212
-1,-226
67,-220
125,-196
174,-156
206,-105
224,-51
232,5
220,63
196,115
160,160
109,192
57,212
-5,216
-67,204
-125,172
-176,119
-202,55
-212,-13
-198,-83
-164,-144
-115,-190
-53,-218
15,-228
81,-214
142,-184
190,-134
220,-71
230,-3
220,67
186,127
142,176
89,204
33,216
-19,216
-67,204
-109,182
-146,154
-172,123
-192,85
-206,47
-212,7
-210,-33
-202,-75
-184,-115
-156,-154
-117,-186
-67,-214
-9,-228
55,-222
119,-198
174,-154
214,-91
230,-19
222,57
186,130
123,186
41,216
-45,210
-121,172
-176,117
-204,51
-212,-15
-198,-79
-172,-132
-136,-172
-91,-202
-45,-220
1,-228
45,-224
87,-212
125,-196
160,-170
188,-136
212,-97
226,-51
230,-1
224,51
202,103
168,150
121,188
63,210
-1,218
-65,204
-123,174
-174,121
-204,55
-210,-25
-190,-101
-142,-168
-75,-210
-3,-226
71,-218
138,-186
188,-136
222,-73
230,-5
222,61
192,119
152,166
99,198
45,214
-15,216
-69,202
-121,172
-164,132
-196,75
-212,11
-206,-55
-182,-115
-142,-168
-87,-206
-27,-226
35,-226
95,-210
152,-178
194,-127
222,-67
232,-5
222,57
198,113
156,162
105,196
45,214
-15,216
-75,200
-130,168
-170,123
-200,69
-212,11
-206,-53
-186,-111
-146,-164
-91,-204
-27,-224
39,-226
103,-208
158,-172
200,-119
224,-59
230,1
220,65
192,119
154,162
99,198
41,216
-27,214
-91,194
-142,158
-180,107
-204,53
-212,-3
-206,-55
-190,-99
-166,-140
-134,-174
-93,-204
-45,-220
7,-226
61,-220
113,-200
160,-168
196,-123
220,-75
230,-21
226,37
208,91
178,142
130,182
69,208
1,216
-67,204
-132,166
-180,109
-208,33
-208,-43
-184,-117
-134,-176
-71,-212
-1,-228
69,-218
136,-188
186,-140
218,-77
230,-13
222,53
198,113
158,160
105,196
45,216
-17,214
-75,200
-127,170
-170,125
-198,73
-212,17
-208,-47
-190,-103
-156,-152
-111,-194
-53,-216
11,-228
81,-214
148,-178
198,-119
228,-45
228,31
206,97
168,150
123,188
73,206
25,218
-21,216
-63,204
-105,186
-140,158
-172,121
-196,79
-210,27
-210,-27
-196,-85
-166,-142
-119,-184
-63,-216
1,-228
71,-218
136,-188
186,-142
218,-75
230,-7
222,57
194,119
146,172
83,204
11,218
-57,206
-117,178
-164,136
-194,81
-210,27
-210,-45
-174,-132
-67,-214
109,-202
230,-13
105,194
-144,156
-192,-93
21,-226
222,-67
140,172
-115,176
-204,-63
-7,-228
212,-93
160,158
-95,188
-208,-45
-19,-224
210,-101
160,160
-105,184
-206,-59
-9,-228
204,-115
212,87
103,196
-1,214
-75,200
-127,168
-164,130
-188,89
-204,47
-210,7
-208,-39
-198,-81
-176,-125
-146,-166
-99,-198
-43,-222
19,-228
85,-216
144,-182
190,-134
222,-75
232,-11
222,55
192,121
119,188
-21,214
-172,115
-190,-99
13,-226
218,-81
150,170
-109,180
-204,-63
-1,-226
218,-83
148,168
-111,178
-204,-63
-7,-228
212,-97
172,148
-39,212
-182,103
-210,-21
-188,-107
-146,-162
-93,-202
-29,-224
55,-222
162,-166
230,-15
140,174
-99,186
-208,-43
-23,-224
206,-107
178,142
-25,216
-174,117
-212,-5
-194,-91
-154,-154
-101,-196
-39,-220
45,-226
156,-172
230,-27
156,162
-71,200
-210,9
-93,-202
142,-184
232,15
142,176
1,218
-91,192
-150,148
-188,91
-208,27
-208,-41
-184,-111
-142,-166
-81,-206
-19,-226
49,-224
113,-200
170,-160
212,-97
232,-15
212,89
109,194
-81,196
-208,13
-93,-202
156,-174
220,65
35,216
-164,130
-208,-37
-154,-156
-85,-204
-23,-224
39,-226
99,-208
164,-164
220,-71
216,81
69,210
-152,148
-192,-95
19,-226
218,-83
174,148
-13,218
-156,144
-206,39
-206,-47
-180,-117
-134,-172
-69,-212
27,-226
156,-172
232,-7
125,186
-117,176
-202,-63
-9,-226
212,-97
168,152
-83,196
-206,-33
-29,-222
206,-107
170,150
-81,198
-210,-13
-95,-200
77,-218
190,-136
230,-45
230,35
208,97
168,154
107,196
33,218
-43,212
-113,180
-168,127
-202,59
-212,-9
-198,-75
-170,-132
-132,-174
-85,-204
-37,-222
7,-226
53,-222
97,-210
136,-188
172,-158
204,-115
224,-63
232,-1
222,63
192,123
144,176
79,208
5,218
-87,194
-182,101
-200,-71
-43,-218
186,-140
198,113
-41,212
-210,15
-81,-208
168,-160
212,89
-7,218
-204,53
-115,-186
140,-184
224,57
27,218
-190,89
-148,-160
99,-206
230,9
73,208
-168,123
-170,-134
75,-216
234,-9
83,206
-166,127
-168,-136
81,-216
232,1
79,206
-160,138
-194,-91
-45,-220
103,-206
184,-142
220,-73
232,-11
226,47
206,97
178,144
138,178
89,204
39,216
-15,216
-65,204
-109,182
-150,150
-178,109
-200,63
-210,15
-210,-37
-194,-85
-172,-132
-132,-176
-75,-208
-13,-226
59,-222
123,-196
182,-148
216,-85
232,-13
218,71
162,158
35,216
-140,158
-204,-57
-25,-224
202,-109
176,146
-69,204
-210,25
-160,-148
-45,-220
51,-224
115,-198
168,-162
202,-115
224,-63
232,-5
224,51
204,103
172,148
125,186
73,208
15,216
-47,210
-107,184
-158,142
-194,81
-212,11
-202,-65
-168,-138
-109,-192
-39,-222
31,-224
95,-210
148,-178
186,-138
214,-89
228,-37
230,17
218,75
190,125
148,170
95,202
35,216
-29,214
-91,194
-148,152
-186,99
-206,39
-212,-21
-198,-79
-168,-138
-125,-182
-67,-214
-3,-226
69,-218
154,-172
222,-57
192,119
-7,216
-200,69
-136,-174
115,-200
230,29
59,214
-176,115
-168,-136
67,-218
230,-25
109,194
-136,164
-204,-65
-61,-216
99,-208
196,-125
228,-43
228,27
212,85
184,132
144,172
95,200
39,216
-17,214
-71,202
-123,174
-168,130
-198,69
-212,1
-202,-67
-174,-132
-130,-178
-73,-212
-9,-226
57,-222
119,-198
174,-152
218,-77
224,45
130,180
-71,202
-210,13
-91,-202
158,-168
214,81
-11,218
-206,41
-99,-198
164,-164
206,95
-23,214
-208,29
-89,-202
166,-162
208,91
-13,216
-206,45
-105,-194
152,-176
218,69
25,218
-176,121
-208,-53
-140,-172
-51,-218
21,-228
83,-214
136,-188
180,-148
214,-87
230,7
184,130
29,216
-172,119
-174,-127
67,-218
230,-13
85,204
-168,130
-172,-134
77,-216
232,-1
75,208
-172,123
-174,-132
55,-224
218,-83
212,85
136,180
55,214
-17,216
-77,202
-127,170
-168,130
-196,79
-212,21
-210,-37
-194,-93
-164,-144
-121,-184
-67,-212
9,-226
119,-196
220,-71
188,127
-19,214
-200,59
-130,-176
117,-198
230,27
55,212
-178,111
-166,-140
79,-214
230,-1
73,210
-172,123
-184,-113
-25,-224
127,-192
204,-109
230,-27
224,45
202,107
160,160
95,200
-3,216
-130,166
-210,5
-109,-190
132,-190
224,45
37,214
-186,99
-156,-152
87,-212
230,-5
89,202
-154,144
-188,-107
33,-224
224,-57
132,180
-127,168
-198,-85
27,-226
224,-51
119,188
-134,166
-206,-65
-59,-218
105,-204
196,-123
228,-43
228,31
204,99
160,160
77,208
-61,206
-192,85
-174,-130
45,-222
226,-45
121,186
-138,160
-194,-93
29,-226
226,-53
125,186
-132,166
-198,-83
9,-226
216,-87
182,136
19,216
-121,176
-192,91
-212,11
-206,-61
-180,-117
-144,-166
-95,-200
-45,-220
13,-226
67,-218
113,-200
154,-172
188,-134
214,-89
228,-25
218,65
142,174
-35,214
-196,75
-154,-154
79,-214
230,-19
113,192
-103,188
-208,45
-194,-91
-140,-168
-71,-212
11,-226
97,-208
180,-144
230,-19
172,144
-33,214
-206,45
-109,-192
144,-180
220,65
19,218
-194,85
-150,-158
89,-210
230,-7
93,204
-152,148
-194,-93
-11,-226
162,-166
228,-43
222,57
188,125
140,176
81,206
5,218
-87,194
-190,95
-196,-89
-19,-224
202,-111
174,146
-79,198
-212,-17
-71,-212
148,-178
232,-15
194,117
132,180
67,210
9,218
-51,210
-107,184
-154,148
-186,99
-208,45
-212,-15
-204,-71
-178,-125
-142,-170
-87,-204
-35,-224
25,-226
87,-212
144,-182
186,-136
220,-71
230,5
202,99
109,192
-63,204
-206,47
-130,-178
117,-196
226,31
53,212
-178,117
-170,-136
67,-218
228,-27
105,196
-146,156
-194,-95
27,-226
224,-59
130,182
-130,168
-198,-87
27,-224
224,-47
113,192
-136,164
-208,-53
-95,-202
45,-224
142,-182
196,-123
224,-55
228,15
214,79
182,136
138,178
85,204
33,218
-21,216
-71,202
-115,180
-158,142
-194,85
-212,-5
-170,-136
-9,-224
192,-125
188,127
-57,208
-212,-1
-61,-214
186,-138
192,121
-49,208
-214,11
-81,-208
168,-158
208,93
-13,216
-206,51
-115,-190
146,-180
214,75
-7,216
-206,45
-105,-196
154,-170
212,83
-9,218
-206,49
-117,-188
130,-190
224,41
51,214
-178,115
-176,-127
49,-224
224,-49
134,182
-117,178
-208,-51
-29,-224
198,-117
182,134
-63,204
-214,-7
-57,-216
190,-130
182,132
-65,204
-214,1
-105,-196
81,-216
192,-127
226,-39
226,31
210,85
180,136
134,178
55,210
-71,202
-192,83
-174,-132
51,-222
226,-39
111,192
-148,152
-190,-105
45,-226
226,-33
97,198
-160,138
-178,-127
69,-218
228,-9
79,206
-170,125
-168,-140
87,-212
228,15
49,212
-188,99
-152,-160
99,-208
228,13
69,208
-164,132
-186,-113
27,-226
214,-85
184,134
21,216
-115,180
-182,111
-206,45
-212,-19
-198,-85
-160,-152
-71,-210
75,-216
210,-91
188,125
-45,210
-212,13
-75,-212
178,-148
200,109
-15,216
-192,93
-204,-75
-140,-172
-69,-214
-9,-226
45,-224
89,-212
132,-192
166,-162
194,-125
216,-85
228,-37
230,13
218,67
186,125
117,188
-15,214
-172,123
-190,-103
27,-226
222,-59
127,182
-127,170
-202,-73
-3,-226
210,-95
166,152
-79,198
-214,-15
-61,-216
172,-154
222,51
121,186
5,218
-77,200
-140,162
-180,113
-204,59
-214,5
-210,-51
-190,-103
-162,-150
-119,-188
-69,-214
-15,-224
45,-224
103,-206
156,-172
198,-121
222,-59
228,7
216,75
180,134
132,180
69,208
-1,218
-75,200
-140,162
-190,95
-212,21
-208,-53
-182,-119
-142,-172
-87,-206
-29,-224
27,-226
79,-214
130,-190
172,-156
204,-105
226,-43
224,49
152,162
-17,216
-194,83
-156,-156
91,-210
228,7
69,210
-174,121
-172,-134
73,-216
228,-9
83,204
-166,134
-178,-130
71,-216
230,-3
67,210
-180,111
-160,-150
93,-208
228,13
71,210
-152,152
-212,-29
-152,-160
-61,-214
13,-226
81,-214
138,-182
182,-140
214,-85
228,-25
226,37
206,93
172,144
125,184
69,210
5,218
-61,208
-119,178
-166,134
-198,77
-212,15
-208,-55
-180,-121
-125,-184
-47,-220
57,-220
176,-148
226,19
107,194
-125,172
-208,-53
-33,-222
190,-127
198,109
-15,216
-202,67
-146,-166
91,-210
230,-9
105,196
-127,172
-214,-19
-140,-172
-25,-224
59,-220
121,-194
172,-152
208,-97
226,-35
226,31
202,99
156,160
91,202
13,218
-65,206
-136,164
-194,91
-212,-33
-134,-176
65,-216
224,-47
132,178
-117,178
-208,-57
-21,-224
202,-107
170,144
-81,200
-214,-23
-47,-220
192,-125
182,134
-59,208
-212,31
-154,-156
-19,-228
89,-210
162,-164
204,-103
226,-31
220,55
166,150
29,216
-150,150
-202,-77
-3,-226
210,-91
162,156
-81,200
-214,-5
-83,-206
154,-172
218,63
31,216
-186,103
-172,-138
47,-222
210,-93
214,75
140,176
65,210
-7,218
-69,204
-127,172
-174,123
-204,61
-214,-7
-204,-75
-172,-134
-125,-184
-63,-216
1,-228
65,-220
119,-196
160,-162
194,-123
216,-75
228,-25
226,29
210,83
184,132
140,174
87,202
27,216
-35,214
-97,192
-148,154
-188,103
-208,41
-212,-25
-198,-89
-162,-148
-111,-192
-47,-220
23,-226
87,-212
150,-174
194,-121
222,-57
228,13
210,81
174,140
123,184
65,210
5,218
-53,208
-105,186
-146,158
-178,117
-200,75
-212,29
-214,-21
-204,-73
-180,-127
-138,-172
-81,-210
-19,-226
49,-224
107,-202
162,-166
198,-117
222,-57
228,7
212,77
178,140
119,186
51,214
-29,214
-101,188
-164,138
-202,67
-214,-5
-204,-73
-174,-132
-134,-178
-83,-208
-25,-224
31,-226
85,-214
134,-186
174,-152
204,-105
222,-53
228,1
220,59
194,115
154,164
99,198
37,214
-27,216
-89,196
-144,156
-188,103
-208,41
-214,-23
-200,-87
-166,-146
-113,-192
-45,-220
23,-228
89,-212
142,-180
184,-138
212,-87
226,-31
226,25
212,81
182,132
140,174
85,204
23,216
-41,214
-95,190
-144,148
-190,87
-208,13
-202,-59
-172,-125
-125,-174
-67,-208
-5,-222
53,-216
109,-194
158,-158
194,-107
216,-49
218,19
202,87
162,144
109,184
53,206
-7,210
-69,196
-123,168
-166,121
-196,67
-206,1
-200,-65
-172,-121
-127,-170
-67,-206
-3,-218
65,-210
125,-182
178,-134
210,-71
220,-3
208,65
172,132
115,180
43,206
-29,206
-97,182
-156,136
-194,69
-206,-5
-190,-83
-150,-150
-87,-196
-15,-216
53,-212
113,-190
160,-150
194,-101
214,-43
216,15
204,71
178,121
138,162
91,190
39,206
-17,206
-69,190
-123,162
-166,117
-194,59
-202,-7
-192,-71
-160,-136
-107,-182
-43,-210
31,-214
101,-192
164,-144
204,-73
214,7
196,85
152,150
89,188
23,204
-41,200
-99,176
-148,136
-180,89
-198,31
-202,-29
-186,-83
-160,-132
-119,-172
-71,-198
-13,-212
39,-212
91,-194
140,-164
178,-123
200,-75
214,-15
208,47
180,105
138,156
77,190
9,202
-61,190
-123,154
-172,97
-196,31
-196,-41
-174,-103
-134,-156
-83,-190
-27,-208
29,-208
85,-192
134,-164
174,-121
198,-69
210,-13
204,43
184,93
156,136
117,166
73,186
27,196
-19,196
-71,182
-119,156
-160,109
-188,51
-192,-13
-176,-79
-140,-140
-83,-182
-15,-204
57,-198
123,-166
174,-113
200,-49
202,19
184,79
148,136
97,172
37,190
-23,192
-81,172
-127,142
-160,99
-180,47
-188,-5
-182,-55
-162,-103
-132,-144
-91,-176
-45,-194
5,-200
55,-194
101,-174
144,-142
174,-99
194,-49
198,5
188,57
164,105
121,146
71,172
15,184
-43,178
-95,156
-136,119
-162,81
-176,39
-180,-3
-176,-43
-164,-77
-144,-113
-117,-144
-83,-168
-41,-184
9,-190
61,-180
113,-152
156,-109
180,-53
184,7
172,65
140,115
95,150
43,170
-11,170
-63,158
-109,123
-146,77
-166,21
-162,-41
-140,-97
-101,-140
-53,-162
-5,-172
39,-168
81,-154
113,-132
138,-105
158,-71
168,-33
168,1
158,43
142,79
115,107
81,132
41,148
-1,150
-45,142
-83,117
-113,83
-134,39
-140,-7
-132,-49
-109,-91
-77,-121
-35,-142
11,-148
57,-136
99,-103
125,-63
138,-19
132,29
111,67
83,97
49,115
13,115
-19,109
-43,97
-61,81
-77,63
-87,47
-93,31
-95,13
-97,-5
-91,-21
-81,-37
-69,-55
-53,-69
-35,-83
-13,-87
5,-89
27,-85
45,-71
59,-53
65,-37
69,-13
67,7
57,25
43,41
25,49
9,47
-5,39
-15,31
-21,21
-23,11
-25,1
-23,-7
-21,-15
-15,-21
-9,-25
-3,-25
1,-25
7,-23
11,-21
15,-19
15,-17
19,-13
19,-11
21,-9
21,-5
21,-1
17,1
15,7
13,9
7,7
1,5
1,1
-1,1
-3,-1
-5,-7
-3,-11
-1,-13
1,-15
5,-15
7,-17
9,-15
11,-15
13,-13
17,-11
17,-7
19,-7
17,-3
15,-1
15,1
11,1
9,1
5,5
5,5
1,1
1,1
1,-1
-3,-1
-1,-5
-1,-7
1,-9
1,-13
1,-13
5,-15
7,-13
9,-13
11,-13
13,-11
15,-7
15,-5
15,-3
11,-1
11,1
9,1
7,1
5,1
1,1
1,-1
-1,-1
-1,-5
-1,-5
1,-7
1,-9
1,-11
5,-11
7,-13
9,-13
11,-13
11,-11
13,-11
13,-5
13,-7
13,-3
11,-1
11,1
9,1
7,1
5,1
5,-1
1,-1
1,-1
1,-1
1,-3
1,-5
1,-7
1,-7
1,-9
1,-9
7,-11
7,-11
9,-11
9,-11
11,-9
13,-9
13,-5
13,-5
11,-3
11,-1
9,-1
9,1
5,-1
5,-1
1,-3
1,-5
1,-5
1,-7
1,-7
1,-9
5,-11
5,-11
7,-9
7,-11
9,-9
11,-11
9,-9
11,-7
11,-7
13,-5
11,-5
11,-3
11,-5
9,-1
9,-1
7,-1
5,-1
5,-1
1,-3
1,-5
1,-7
1,-7
5,-9
5,-9
7,-9
7,-9
9,-9
9,-9
11,-7
9,-7
11,-5
11,-5
11,-3
11,-5
9,-3
9,-3
9,-1
9,-3
7,-1
7,-3
7,-1
1,-3
5,-3
5,-5
1,-5
5,-7
5,-7
5,-7
5,-7
7,-9
7,-9
9,-7
9,-7
9,-7
11,-5
9,-5
11,-3
7,-5
9,-3
7,-3
7,-3
5,-5
7,-3
7,-3
5,-3
5,-5
5,-5
5,-5
5,-7
5,-7
5,-7
5,-9
7,-7
7,-7
9,-9
7,-7
9,-7
9,-7
9,-5
9,-5
7,-3
7,-5
7,-3
7,-5
7,-5
7,-3
5,-5
5,-5
5,-5
5,-5
5,-5
5,-7
5,-7
5,-7
5,-7
7,-7
7,-9
7,-7
9,-7
7,-7
9,-5
7,-5
9,-5
9,-5
7,-5
9,-5
7,-5
7,-5
7,-5
7,-5
7,-5
7,-5
7,-5
7,-5
7,-7
7,-5
7,-7
9,-5
7,-5
7,-7
7,-5
7,-5
7,-5
7,-5
7,-7
7,-5
7,-5
7,-5
7,-7
7,-5
7,-5
7,-5
7,-5
7,-7
7,-5
7,-7
7,-5
7,-5
7,-5
7,-5
7,-5
7,-7
7,-5
7,-5
7,-5
7,-5
9,-5
7,-5
7,-7
7,-7
7,-5
7,-5
7,-5
7,-7
7,-5
9,-7
7,-5
7,-5
7,-7
7,-5
7,-7
9,-7
5,-7
7,-5
7,-5
7,-5
7,-7
7,-5
7,-5
7,-7
7,-5
7,-5
7,-5
7,-5
7,-5
7,-5
7,-5
7,-7
7,-5
9,-7
9,-7
7,-5
7,-7
7,-5
7,-5
9,-5
7,-5
7,-5
5,-7
7,-5
7,-7
7,-5
7,-5
7,-5
7,-5
7,-7
7,-5
7,-5
9,-7
7,-5
7,-5
7,-5
7,-5
7,-5
7,-5
7,-5
7,-7
7,-5
7,-5
7,-7
7,-5
7,-5
7,-7
5,-5
9,-5
7,-5
7,-5
7,-5
7,-5
5,-5
7,-5
7,-7
7,-5
7,-5
7,-5
9,-5
7,-7
7,-7
7,-5
7,-5
7,-5
7,-5
7,-7
7,-7
7,-5
9,-5
7,-5
7,-5
7,-5
7,-5
7,-5
5,-7
7,-5
7,-7
7,-5
9,-5
7,-5
7,-5
7,-5
7,-5
7,-5
7,-5
7,-7
7,-5
7,-7
7,-5
7,-7
7,-5
7,-5
7,-5
7,-5
7,-7
9,-5
7,-7
7,-5
7,-7
7,-7
7,-7
5,-5
9,-5
7,-5
9,-5
7,-5
7,-5
7,-7
7,-5
7,-7
7,-5
7,-5
7,-5
7,-7
9,-5
7,-7
7,-7
9,-5
7,-7
7,-7
7,-5
7,-7
7,-5
7,-5
5,-5
9,-5
9,-7
7,-7
7,-5
7,-5
7,-7
7,-5
9,-7
7,-7
7,-5
7,-7
7,-5
7,-5
7,-7
7,-5
7,-5
7,-5
7,-5
7,-5
7,-7
7,-5
7,-7
7,-7
7,-7
7,-7
9,-5
7,-7
7,-7
7,-5
7,-5
7,-5
7,-5
7,-7
7,-5
7,-7
7,-7
7,-5
7,-7
7,-7
7,-5
7,-5
7,-7
7,-5
9,-7
7,-7
7,-7
7,-5
7,-5
7,-5
7,-7
7,-5
7,-5
7,-5
7,-7
7,-7
7,-7
7,-5
7,-7
7,-7
7,-5
7,-5
7,-7
7,-5
7,-7
7,-7
7,-5
7,-5
9,-7
7,-5
7,-5
9,-7
9,-7
7,-7
7,-7
7,-5
7,-5
9,-7
7,-5
9,-5
7,-5
7,-5
7,-7
9,-7
9,-5
7,-5
9,-7
5,-5
7,-7
7,-7
7,-5
7,-5
7,-5
7,-5
7,-7
7,-7
7,-7
7,-5
7,-5
7,-7
9,-7
7,-5
7,-5
7,-5
7,-7
7,-5
7,-7
7,-7
7,-7
7,-7
7,-7
7,-7
7,-5
7,-7
7,-5
7,-5
7,-5
7,-7
7,-5
9,-5
7,-7
7,-7
7,-7
7,-5
7,-5
7,-5
7,-5
7,-5
7,-7
7,-5
7,-5
7,-7
7,-5
7,-5
9,-5
7,-5
7,-7
7,-5
7,-7
7,-5
7,-7
7,-5
7,-5
7,-7
7,-5
7,-7
7,-5
7,-5
9,-7
7,-5
7,-7
7,-5
9,-7
7,-5
7,-5
7,-7
7,-5
7,-7
7,-7
9,-7
9,-7
9,-7
7,-5
7,-5
7,-7
7,-5
7,-7
7,-5
7,-7
7,-5
7,-5
7,-5
7,-5
7,-5
7,-5
7,-7
7,-7
7,-7
7,-5
5,-7
7,-5
7,-7
7,-7
7,-7
7,-7
7,-5
7,-7
7,-5
7,-5
7,-7
7,-7
7,-5
7,-5
9,-7
5,-5
9,-7
7,-5
7,-5
9,-5
5,-7
7,-5
7,-7
7,-7
7,-7
7,-7
9,-7
7,-7
7,-7
7,-7
7,-5
7,-7
7,-5
7,-7
7,-7
5,-7
7,-5
7,-5
7,-7
7,-7
7,-7
7,-5
7,-7
7,-5
9,-7
7,-5
7,-7
7,-7
7,-5
7,-5
7,-5
7,-5
7,-5
7,-7
5,-7
7,-7
7,-7
7,-7
7,-7
7,-7
7,-7
7,-7
7,-5
7,-5
7,-7
7,-7
7,-7
7,-7
7,-7
7,-7
7,-5
7,-7
7,-5
7,-5
7,-7
9,-7
7,-7
7,-5
7,-7
7,-5
7,-5
7,-5
9,-5
7,-7
7,-7
7,-5
7,-7
7,-7
7,-7
7,-7
9,-5
7,-7
7,-5
7,-7
7,-7
7,-7
9,-7
7,-5
9,-7
7,-7
7,-7
7,-7
7,-7
7,-5
9,-5
7,-7
7,-7
7,-7
7,-7
7,-5
7,-5
7,-7
7,-7
7,-7
7,-7
7,-7
7,-7
7,-7
7,-5
9,-7
5,-5
7,-7
7,-7
7,-7
7,-5
7,-5
9,-7
7,-7
7,-7
7,-5
7,-7
7,-7
7,-7
7,-7
7,-7
9,-5
7,-7
5,-5
7,-7
7,-7
7,-5
7,-5
7,-7
7,-5
7,-7
7,-7
9,-7
7,-7
7,-5
7,-7
7,-5
7,-7
7,-7
7,-5
7,-7
7,-7
9,-7
7,-7
7,-5
7,-7
9,-7
7,-5
7,-7
7,-7
7,-5
9,-7
9,-7
7,-5
7,-7
7,-7
9,-7
7,-7
7,-5
7,-7
7,-7
9,-7
7,-7
7,-7
7,-7
7,-5
7,-5
7,-7
7,-7
7,-5
7,-7
7,-5
7,-7
7,-7
7,-7
7,-5
7,-7
7,-7
7,-5
7,-7
7,-5
7,-7
7,-7
7,-5
9,-7
7,-7
7,-5
7,-7
7,-7
7,-7
7,-7
7,-7
7,-7
7,-7
7,-7
7,-5
7,-7
7,-7
7,-5
7,-5
7,-5
7,-7
7,-7
7,-7
7,-7
7,-7
7,-7
7,-7
7,-7
7,-7
7,-7
7,-7
9,-7
7,-7
7,-7
7,-5
9,-5
7,-7
7,-7
5,-5
7,-7
9,-7
7,-5
7,-5
7,-7
7,-7
7,-7
9,-7
7,-7
7,-7
7,-7
7,-7
7,-7
9,-7
7,-7
7,-7
9,-7
7,-5
7,-7
7,-7
7,-7
7,-5
9,-5
7,-7
7,-7
7,-7
7,-7
7,-7
7,-7
9,-7
7,-7
7,-7
7,-7
7,-7
7,-7
7,-7
7,-7
7,-7
9,-7
7,-7
7,-7
7,-5
7,-7
7,-7
7,-7
7,-7
7,-7
7,-5
7,-7
7,-7
7,-7
7,-7
7,-5
7,-7
7,-7
7,-7
7,-5
7,-7
7,-7
7,-7
7,-7
9,-7
7,-5
7,-7
7,-7
7,-7
7,-5
7,-7
7,-7
7,-7
5,-7
7,-7
7,-7
7,-7
7,-7
7,-7
7,-7
7,-7
9,-5
7,-7
7,-5
7,-7
7,-5
7,-7
9,-5
7,-7
7,-7
7,-7
7,-7
7,-7
7,-7
7,-7
7,-5
7,-7
7,-5
7,-7
7,-7
7,-7
7,-5
7,-5
7,-7
7,-5
7,-7
7,-7
7,-7
7,-5
7,-7
7,-7
7,-7
7,-7
7,-7
7,-5
7,-7
7,-7
9,-7
7,-7
7,-7
7,-5
7,-7
7,-7
7,-7
9,-5
7,-7
7,-7
7,-7
7,-7
7,-7
7,-7
7,-5
9,-7
7,-7
7,-7
7,-7
7,-5
7,-5
7,-7
7,-5
7,-7
7,-7
5,-7
7,-5
7,-7
7,-7
7,-7
7,-7
7,-5
7,-7
7,-7
7,-7
7,-7
9,-7
7,-7
7,-7
7,-7
7,-7
7,-7
9,-7
7,-5
7,-7
9,-5
7,-7
9,-7
7,-7
7,-7
7,-7
7,-7
7,-7
7,-7
7,-7
7,-5
7,-7
7,-7
7,-7
7,-7
7,-7
7,-7
7,-7
7,-7
7,-7
7,-7
7,-7
7,-5
7,-5
7,-7
7,-7
5,-5
7,-7
7,-7
7,-7
7,-7
7,-7
5,-7
9,-7
7,-5
7,-7
7,-7
7,-7
7,-7
9,-5
7,-7
7,-7
7,-7
7,-7
7,-5
7,-5
9,-7
7,-7
7,-7
7,-7
9,-7
7,-7
7,-7
9,-7
7,-7
7,-7
7,-7
7,-7
7,-5
7,-5
7,-7
7,-5
7,-9
7,-5
9,-5
9,-7
7,-7
7,-7
9,-5
7,-7
7,-7
7,-7
7,-7
7,-7
7,-7
7,-7
7,-7
9,-7
7,-7
9,-7
7,-7
7,-7
7,-7
7,-7
7,-7
7,-7
7,-5
7,-7
7,-7
7,-7
9,-7
7,-7
7,-7
9,-7
7,-7
9,-7
7,-7
9,-7
7,-7
7,-7
7,-7
7,-7
7,-7
7,-7
7,-7
7,-7
7,-7
7,-7
7,-7
7,-7
7,-7
7,-7
7,-7
7,-7
7,-5
7,-7
7,-9
7,-7
7,-7
7,-7
7,-7
7,-7
7,-5
7,-7
7,-7
7,-7
7,-7
7,-7
9,-7
7,-7
7,-7
7,-7
7,-7
7,-7
7,-7
7,-7
9,-7
9,-7
9,-7
7,-7
9,-7
7,-7
7,-7
7,-7
7,-5
7,-7
7,-7
7,-5
7,-7
7,-9
7,-5
9,-9
7,-7
7,-7
7,-5
7,-7
7,-7
7,-7
7,-7
7,-7
7,-7
7,-7
7,-5
7,-7
7,-7
7,-7
7,-5
9,-7
7,-7
7,-5
7,-7
7,-7
7,-7
7,-7
7,-7
9,-7
7,-7
7,-7
7,-7
7,-7
7,-7
7,-7
7,-7
9,-7
7,-5
7,-7
7,-7
9,-7
7,-7
7,-7
7,-7
7,-7
7,-7
7,-5
5,-7
7,-7
7,-7
7,-7
7,-7
7,-7
7,-7
7,-7
7,-7
9,-7
7,-7
7,-5
7,-7
7,-7
7,-7
7,-7
7,-7
7,-7
7,-5
7,-7
7,-7
9,-7
7,-7
7,-7
7,-7
9,-7
7,-7
7,-7
7,-7
7,-7
7,-7
7,-7
5,-7
7,-7
7,-7
7,-5
5,-7
7,-7
7,-7
7,-7
9,-7
7,-7
7,-7
7,-5
7,-7
7,-7
7,-7
7,-7
7,-7
7,-7
7,-7
7,-7
7,-7
7,-7
7,-7
7,-7
7,-7
7,-7
9,-7
7,-7
7,-5
7,-7
7,-7
7,-7
7,-5
9,-7
7,-7
7,-7
7,-7
7,-7
9,-7
7,-7
9,-7
7,-7
7,-7
7,-7
7,-7
7,-7
7,-7
7,-9
7,-9
7,-7
7,-9
7,-7
7,-7
7,-7
7,-7
7,-7
7,-7
7,-7
7,-7
7,-7
9,-7
7,-7
7,-7
7,-7
7,-7
7,-7
7,-7
7,-7
7,-7
7,-7
7,-7
7,-7
7,-9
7,-7
7,-7
7,-7
7,-7
7,-7
7,-5
7,-7
9,-7
7,-7
9,-7
7,-7
7,-7
7,-7
7,-7
7,-7
7,-7
7,-7
7,-7
9,-7
7,-7
7,-7
5,-7
7,-5
9,-7
7,-7
7,-7
7,-7
9,-7
7,-9
9,-7
7,-7
7,-7
5,-7
7,-9
7,-7
7,-7
7,-7
7,-7
7,-7
7,-7
7,-7
7,-9
7,-7
7,-7
7,-5
7,-7
7,-7
7,-7
7,-7
9,-7
7,-7
7,-7
7,-7
7,-7
7,-7
7,-7
7,-9
7,-7
7,-7
7,-7
7,-7
7,-7
7,-7
7,-7
7,-7
9,-7
7,-7
7,-7
9,-7
7,-7
7,-5
7,-7
7,-7
7,-7
7,-5
7,-9
7,-7
7,-7
7,-7
9,-7
7,-7
9,-7
7,-9
7,-7
7,-7
7,-7
7,-7
9,-7
7,-7
7,-7
7,-7
9,-5
7,-7
9,-7
7,-5
7,-5
7,-7
7,-5
7,-7
7,-7
7,-7
7,-7
7,-7
7,-7
7,-7
7,-7
7,-7
7,-7
7,-7
5,-7
7,-7
7,-7
7,-7
7,-7
7,-7
9,-7
7,-7
7,-7
7,-7
